<?xml version="1.0" encoding="UTF-8"?>
<project-private xmlns="http://www.netbeans.org/ns/project-private/1">
    <editor-bookmarks xmlns="http://www.netbeans.org/ns/editor-bookmarks/2" lastBookmarkId="0"/>
    <open-files xmlns="http://www.netbeans.org/ns/projectui-open-files/2">
        <group name="BookChapters">
            <file>file:/C:/Users/Kelvin/Documents/html5engine/BookChapters/Chapter9/9.3.VerletParticles/public_html/src/lib/gl-matrix.js</file>
        </group>
        <group name="AllBookProjects"/>
    </open-files>
</project-private>
