<?xml version="1.0" encoding="UTF-8"?>
<project-private xmlns="http://www.netbeans.org/ns/project-private/1">
    <editor-bookmarks xmlns="http://www.netbeans.org/ns/editor-bookmarks/2" lastBookmarkId="0"/>
    <open-files xmlns="http://www.netbeans.org/ns/projectui-open-files/2">
        <group name="BookChapters">
            <file>file:/C:/Users/Kelvin/Documents/html5engine/BookChapters/Chapter9/9.4.ParticleEmitters/public_html/src/MyGame/MyGame_Physics.js</file>
            <file>file:/C:/Users/Kelvin/Documents/html5engine/BookChapters/Chapter9/9.4.ParticleEmitters/public_html/index.html</file>
            <file>file:/C:/Users/Kelvin/Documents/html5engine/BookChapters/Chapter9/9.4.ParticleEmitters/public_html/src/Engine/GameObjects/GameObject.js</file>
            <file>file:/C:/Users/Kelvin/Documents/html5engine/BookChapters/Chapter9/9.4.ParticleEmitters/public_html/src/Engine/Particles/ParticleGameObjectSet.js</file>
            <file>file:/C:/Users/Kelvin/Documents/html5engine/BookChapters/Chapter9/9.4.ParticleEmitters/public_html/src/Engine/Core/Resources/Engine_DefaultResources.js</file>
            <file>file:/C:/Users/Kelvin/Documents/html5engine/BookChapters/Chapter9/9.4.ParticleEmitters/public_html/src/Engine/Particles/ParticleEmitter.js</file>
            <file>file:/C:/Users/Kelvin/Documents/html5engine/BookChapters/Chapter9/9.4.ParticleEmitters/public_html/src/Engine/GameObjects/GameObject_PixelCollision.js</file>
            <file>file:/C:/Users/Kelvin/Documents/html5engine/BookChapters/Chapter9/9.4.ParticleEmitters/public_html/src/MyGame/Objects/Hero.js</file>
            <file>file:/C:/Users/Kelvin/Documents/html5engine/BookChapters/Chapter9/9.4.ParticleEmitters/public_html/src/Engine/GameObjects/GameObjectSet.js</file>
            <file>file:/C:/Users/Kelvin/Documents/html5engine/BookChapters/Chapter9/9.4.ParticleEmitters/public_html/src/MyGame/MyGame.js</file>
            <file>file:/C:/Users/Kelvin/Documents/html5engine/BookChapters/Chapter9/9.4.ParticleEmitters/public_html/src/MyGame/Objects/Particle.js</file>
        </group>
        <group name="AllBookProjects"/>
    </open-files>
</project-private>
