<?xml version="1.0" encoding="UTF-8"?>
<project-private xmlns="http://www.netbeans.org/ns/project-private/1">
    <editor-bookmarks xmlns="http://www.netbeans.org/ns/editor-bookmarks/2" lastBookmarkId="2">
        <file>
            <url>public_html/src/Engine/Core/Engine_Input.js</url>
            <bookmark id="2">
                <name/>
                <line>196</line>
                <key/>
            </bookmark>
        </file>
        <file>
            <url>public_html/src/Engine/Cameras/Camera_Input.js</url>
            <bookmark id="1">
                <name/>
                <line>21</line>
                <key/>
            </bookmark>
        </file>
    </editor-bookmarks>
    <open-files xmlns="http://www.netbeans.org/ns/projectui-open-files/2">
        <group name="Chapter4"/>
        <group name="BookChapters"/>
        <group name="AllBookProjects"/>
    </open-files>
</project-private>
