<?xml version="1.0" encoding="UTF-8"?>
<project-private xmlns="http://www.netbeans.org/ns/project-private/1">
    <editor-bookmarks xmlns="http://www.netbeans.org/ns/editor-bookmarks/2" lastBookmarkId="0"/>
    <open-files xmlns="http://www.netbeans.org/ns/projectui-open-files/2">
        <group name="BookChapters">
            <file>file:/C:/Users/Kelvin/Documents/html5engine/BookChapters/Chapter10/10.3.LayerManager/public_html/src/Engine/Core/Engine_Core.js</file>
            <file>file:/C:/Users/Kelvin/Documents/html5engine/BookChapters/Chapter10/10.3.LayerManager/public_html/src/MyGame/MyGame.js</file>
            <file>file:/C:/Users/Kelvin/Documents/html5engine/BookChapters/Chapter10/10.3.LayerManager/public_html/index.html</file>
            <file>file:/C:/Users/Kelvin/Documents/html5engine/BookChapters/Chapter10/10.3.LayerManager/public_html/src/Engine/Core/Engine_LayerManager.js</file>
        </group>
        <group name="AllBookProjects">
            <file>file:/C:/Users/Kelvin/Documents/html5engine/BookChapters/Chapter10/10.3.LayerManager/public_html/src/MyGame/MyGame.js</file>
        </group>
    </open-files>
</project-private>
