<?xml version="1.0" encoding="UTF-8"?>
<project-private xmlns="http://www.netbeans.org/ns/project-private/1">
    <editor-bookmarks xmlns="http://www.netbeans.org/ns/editor-bookmarks/2" lastBookmarkId="1">
        <file>
            <url>public_html/src/MyGame/MyGame.js</url>
            <bookmark id="1">
                <name/>
                <line>118</line>
                <key/>
            </bookmark>
        </file>
    </editor-bookmarks>
    <open-files xmlns="http://www.netbeans.org/ns/projectui-open-files/2">
        <group name="BookChapters">
            <file>file:/C:/Users/Kelvin/Documents/html5engine/BookChapters/Chapter10/10.1.TiledObjects/public_html/src/Engine/Core/Engine_Core.js</file>
            <file>file:/C:/Users/Kelvin/Documents/html5engine/BookChapters/Chapter10/10.1.TiledObjects/public_html/index.html</file>
        </group>
        <group name="AllBookProjects"/>
    </open-files>
</project-private>
